kappa,mean_expected_active,mean_realized_active,std_realized_active,min_realized_active,max_realized_active,std_expected_active,se_expected_active,stage
0.5,0.24330355346850788,0.2426,0.49131814408155206,0,3,0.2442614365340593,0.0034543783631120163,coarse
1.0,0.9668400009698789,0.9538,0.9665673336514619,0,5,0.4987171442824682,0.007052925492322462,coarse
1.5,2.13742276858232,2.1168,1.4402682508917932,0,9,0.7583455299965218,0.010724625334860939,coarse
2.0,3.6789916960157294,3.6778,1.9418396711010033,0,13,1.0308058883086149,0.014577796674200888,coarse
2.5,5.444489741522081,5.4474,2.3551523493221627,0,16,1.3157588622065406,0.01860764027745082,coarse
3.0,7.274069752518858,7.266,2.7759656332597866,0,19,1.603945940508254,0.02268322102380042,coarse
3.5,9.051414959832956,9.0396,3.1458561826988283,1,22,1.8841899841400571,0.026646470296584155,coarse
4.0,10.71220083163851,10.7114,3.435588842416803,1,24,2.148406916961221,0.03038306199462727,coarse
4.5,12.230034608585067,12.232,3.6959583360211625,1,27,2.3924514518698454,0.03383437290553537,coarse
5.0,13.60087679498191,13.5962,3.933680252392868,2,29,2.615119895282588,0.03698338023140344,coarse
5.5,14.832088590952411,14.8108,4.138360613300048,2,30,2.8169625713978044,0.03983786673168163,coarse
6.0,15.93593973408463,15.9014,4.329783764287669,3,34,2.9994157731952216,0.042418144656484656,coarse
6.5,16.926113601614272,16.865,4.474413824828361,3,35,3.1642702894424666,0.04474953958343775,coarse
7.0,17.815973305241826,17.7686,4.624038320135033,3,36,3.313377574485437,0.04685823503100175,coarse
7.5,18.617792597967643,18.5786,4.768770310473635,3,37,3.4485014518460346,0.04876917523063971,coarse
8.0,19.342489735883298,19.3056,4.889600216587815,3,37,3.5712526019261204,0.05050513864304123,coarse
8.5,19.99961001453446,19.9892,5.007084734604349,3,39,3.683067709074726,0.05208644305311882,coarse
9.0,20.597421545715008,20.601,5.103979733680803,3,40,3.7852113783141634,0.05353097267660846,coarse
9.5,21.143054248487417,21.1408,5.195726558903479,3,42,3.8787886929154567,0.05485435575100449,coarse
10.0,21.64264721199503,21.6258,5.269623150247949,3,43,3.964761897269645,0.05607020046698816,coarse
3.6,9.394178337012516,9.3948,3.213066715700735,1,23,1.938500842438399,0.02741454182048054,refine_1
3.7,9.73185921497741,9.7346,3.268990685214628,1,23,1.992112982907117,0.028172731982067663,refine_1
3.8,10.064212999194009,10.0616,3.3210256370971383,1,23,2.044988428352088,0.028920503702715632,refine_1
3.9,10.391044128852716,10.3856,3.3837852533114603,1,23,2.0970952036260324,0.029657404785555022,refine_1
3.72,9.79876306914549,9.7976,3.279509914157207,1,23,2.0027481146639077,0.028323135457748446,refine_2
3.74,9.865451971739644,9.8594,3.2858166349009252,1,23,2.0133534851709993,0.02847311804579965,refine_2
3.76,9.931924288364597,9.9292,3.302236865166206,1,23,2.0239288296835634,0.02862267600216401,refine_2
3.78,9.998178459574909,9.9982,3.3125807761139434,1,23,2.034473892805064,0.028771805714989076,refine_2
3.785,10.014707741409012,10.0136,3.313006224269494,1,23,2.0371053980679776,0.028809020819311765,refine_3
3.79,10.031223273402851,10.0304,3.3152487108515647,1,23,2.0397349915556915,0.028846208887050293,refine_3
3.795,10.04772503331837,10.047,3.3182816635481274,1,23,2.0423626695460513,0.028883369865565455,refine_3
