split,sample,realized_S,expected_S
tuning,0,13,9.997715784714442
tuning,1,5,10.649040140214858
tuning,2,9,7.30645411737157
tuning,3,14,8.780378942713483
tuning,4,16,14.02341779116982
tuning,5,12,13.086518596126554
tuning,6,6,9.028360644062728
tuning,7,16,12.356350810547415
tuning,8,7,9.339690316613481
tuning,9,8,9.241182974359418
tuning,10,11,12.925425423844102
tuning,11,9,7.712082080728234
tuning,12,11,12.101006663747087
tuning,13,11,11.2008125918016
tuning,14,8,8.546420757201115
tuning,15,13,9.92382633070622
tuning,16,10,10.536053726494055
tuning,17,14,10.991644981147225
tuning,18,11,12.7466256561319
tuning,19,8,11.773194841204766
tuning,20,4,9.64672881647516
tuning,21,10,8.32887417315317
tuning,22,11,11.14023080998745
tuning,23,7,11.302780527647569
tuning,24,13,10.837486151665955
tuning,25,11,9.690029217873036
tuning,26,10,8.302377343577366
tuning,27,9,9.977845971041566
tuning,28,8,9.329967102336749
tuning,29,10,10.122330886342432
tuning,30,4,9.194334297281388
tuning,31,20,12.31136869828941
tuning,32,13,8.411107928332424
tuning,33,5,7.008078731354692
tuning,34,6,7.132411385066506
tuning,35,7,10.303890183796604
tuning,36,9,8.688801565324479
tuning,37,6,6.741547651064975
tuning,38,11,11.922623842920066
tuning,39,18,13.71965357177762
tuning,40,13,10.20430779561827
tuning,41,10,13.543043888405952
tuning,42,15,13.914962325528915
tuning,43,7,9.505836264597333
tuning,44,15,15.271211435341879
tuning,45,13,12.24127918215341
tuning,46,12,9.640779922983024
tuning,47,14,10.977002778364227
tuning,48,11,8.995396920913773
tuning,49,7,9.337610956695762
tuning,50,10,11.365198294573052
tuning,51,8,8.120096057262126
tuning,52,13,10.592502172515069
tuning,53,11,10.410057872943522
tuning,54,6,10.442095519109907
tuning,55,14,10.371152123467741
tuning,56,9,10.35141767089545
tuning,57,8,8.015547298504192
tuning,58,11,11.16340087049816
tuning,59,12,11.037242942995462
tuning,60,13,11.523538398762174
tuning,61,5,7.933225115640189
tuning,62,8,9.221908316109502
tuning,63,7,6.674102641821952
tuning,64,11,12.076768769530487
tuning,65,10,9.107494434137548
tuning,66,6,7.586733459258667
tuning,67,12,10.22098971114352
tuning,68,8,6.425496363192932
tuning,69,8,7.161025479548179
tuning,70,15,12.108523666244592
tuning,71,3,6.02949300143092
tuning,72,13,9.88792328410419
tuning,73,11,12.250986814884971
tuning,74,8,6.924116583710916
tuning,75,10,9.433957617810206
tuning,76,16,13.09419545322049
tuning,77,10,10.586038969792064
tuning,78,7,8.546746019722374
tuning,79,11,9.749076783699596
tuning,80,7,7.466807477468222
tuning,81,4,6.702149908626709
tuning,82,9,9.024739619016074
tuning,83,7,8.485021897021877
tuning,84,14,12.544837031434461
tuning,85,7,12.042122346356818
tuning,86,6,10.206218029108628
tuning,87,8,9.024132604956794
tuning,88,2,6.2426850670061835
tuning,89,9,6.5217719371721135
tuning,90,7,6.5328618110145005
tuning,91,9,9.941863689435586
tuning,92,7,9.381475601170408
tuning,93,6,7.83184789648545
tuning,94,6,5.14729702277284
tuning,95,11,11.260264844704217
tuning,96,14,13.830232422895573
tuning,97,8,10.603012669311104
tuning,98,7,7.766178617297713
tuning,99,9,11.519220133180896
evaluation,0,15,8.941411357418929
evaluation,1,6,8.772157211721506
evaluation,2,10,11.228749932125702
evaluation,3,6,8.200673487347222
evaluation,4,5,6.409138804171418
evaluation,5,10,11.224756172421792
evaluation,6,12,11.129366389173988
evaluation,7,13,10.39741097672113
evaluation,8,7,9.557889692712447
evaluation,9,3,9.942045092118015
evaluation,10,10,10.421509984142364
evaluation,11,10,10.096523878730933
evaluation,12,5,9.436891669381186
evaluation,13,8,9.792561662619725
evaluation,14,9,10.036951698461714
evaluation,15,7,5.981586910221031
evaluation,16,10,8.660087147614306
evaluation,17,9,9.447486298882339
evaluation,18,13,8.547636081520697
evaluation,19,7,5.295252953200086
evaluation,20,14,12.080581111391187
evaluation,21,10,8.443568810176943
evaluation,22,10,9.320574449584097
evaluation,23,7,6.733834027241304
evaluation,24,19,14.359710971157094
evaluation,25,8,14.918502210472207
evaluation,26,8,8.245065386011776
evaluation,27,15,14.348990854754895
evaluation,28,8,11.895858587904943
evaluation,29,13,10.10096333503012
evaluation,30,12,9.670368735984905
evaluation,31,11,10.014237777494975
evaluation,32,12,11.384838875324442
evaluation,33,11,11.179530393834423
evaluation,34,9,8.962647036940234
evaluation,35,13,11.223863017914027
evaluation,36,15,11.570931786449492
evaluation,37,10,8.490501888604985
evaluation,38,12,10.457871270225404
evaluation,39,4,6.101736059870438
evaluation,40,10,10.10696755111427
evaluation,41,10,8.324481816304312
evaluation,42,11,8.752141630973213
evaluation,43,8,12.522692074370354
evaluation,44,13,10.09985963911467
evaluation,45,8,10.742774551830744
evaluation,46,9,9.791999890010176
evaluation,47,8,11.270832900122853
evaluation,48,14,13.564495136343556
evaluation,49,9,8.946880935693486
evaluation,50,15,10.83654402858494
evaluation,51,9,7.358867329370925
evaluation,52,10,8.053029462159937
evaluation,53,11,10.765231660366446
evaluation,54,12,7.696251666065649
evaluation,55,8,9.88298865259331
evaluation,56,8,9.344771593591641
evaluation,57,4,8.044693505690782
evaluation,58,12,12.747708050807761
evaluation,59,5,12.145330253743964
evaluation,60,15,13.182144730994267
evaluation,61,10,12.06881071054407
evaluation,62,11,8.927265869393015
evaluation,63,12,10.530879062431008
evaluation,64,11,10.73265169155483
evaluation,65,18,16.458858358656776
evaluation,66,12,10.716182038665377
evaluation,67,12,8.980137457299916
evaluation,68,12,11.734348851284597
evaluation,69,10,7.927319654798999
evaluation,70,7,8.839655347213197
evaluation,71,5,11.034079924171728
evaluation,72,17,14.484807816385658
evaluation,73,9,12.186928822065674
evaluation,74,11,12.852046234288341
evaluation,75,9,9.055893183896657
evaluation,76,13,6.75255230622896
evaluation,77,11,9.96855321991878
evaluation,78,10,9.446921593209856
evaluation,79,5,6.591708564718955
evaluation,80,10,8.883069240385822
evaluation,81,15,12.443207783038897
evaluation,82,13,10.964847006850501
evaluation,83,7,6.604281854173113
evaluation,84,14,12.814466171943383
evaluation,85,16,14.441407151876703
evaluation,86,9,9.56647510171349
evaluation,87,15,11.843727051104148
evaluation,88,8,8.835003660176948
evaluation,89,9,10.419511275288505
evaluation,90,14,12.670415534459593
evaluation,91,9,8.017470671185524
evaluation,92,6,5.86104240508063
evaluation,93,6,7.271699320387396
evaluation,94,8,11.459675874667477
evaluation,95,16,11.447607854356509
evaluation,96,10,8.8344332989574
evaluation,97,7,6.3086925038456565
evaluation,98,12,8.982509937654193
evaluation,99,11,12.045911349835649
evaluation,100,10,8.643490448418808
evaluation,101,15,12.532747076793083
evaluation,102,2,8.117077426797406
evaluation,103,11,10.730823207431381
evaluation,104,8,8.451263678528145
evaluation,105,13,12.61605186889204
evaluation,106,10,9.848024894737282
evaluation,107,10,11.479468846567404
evaluation,108,7,9.846796025871171
evaluation,109,7,8.545151750546564
evaluation,110,11,6.173226401874526
evaluation,111,11,7.100640283306576
evaluation,112,8,8.16421399372483
evaluation,113,8,9.536452644399876
evaluation,114,9,9.237609845674658
evaluation,115,9,9.782126662387816
evaluation,116,11,9.86300489882279
evaluation,117,7,9.266214754110752
evaluation,118,8,8.433199761668428
evaluation,119,7,9.751551193768673
evaluation,120,3,8.754591828789533
evaluation,121,15,12.38612691309007
evaluation,122,7,7.516686328855183
evaluation,123,8,10.403360749749707
evaluation,124,21,12.709268416250676
evaluation,125,10,8.254656828548757
evaluation,126,9,9.920644557823351
evaluation,127,8,10.905208082583677
evaluation,128,11,9.06888491863575
evaluation,129,13,8.164940484814105
evaluation,130,10,7.751557350843052
evaluation,131,9,10.9433565337518
evaluation,132,11,11.156587744042982
evaluation,133,12,8.251046941404736
evaluation,134,9,9.253601887397457
evaluation,135,7,10.182741669835105
evaluation,136,6,8.379921514844956
evaluation,137,11,8.354180684772308
evaluation,138,11,8.29939587339827
evaluation,139,7,4.585178099239526
evaluation,140,7,8.345600314728442
evaluation,141,12,8.604584351663757
evaluation,142,6,9.331278739487358
evaluation,143,5,9.954775205666499
evaluation,144,14,11.515580198505976
evaluation,145,8,7.985737031196483
evaluation,146,6,6.087751110141454
evaluation,147,16,12.074484289503545
evaluation,148,12,11.736013217945285
evaluation,149,9,8.291096993617588
evaluation,150,12,8.08279420657658
evaluation,151,6,8.583340016957571
evaluation,152,8,9.465259818806224
evaluation,153,11,10.618049263384949
evaluation,154,7,10.837332298043297
evaluation,155,10,10.442917502150184
evaluation,156,8,7.742752611697428
evaluation,157,11,11.330604506960002
evaluation,158,9,12.670651262909312
evaluation,159,4,9.912857496479814
evaluation,160,12,10.799342177198746
evaluation,161,10,9.603740852669109
evaluation,162,9,11.641758589834616
evaluation,163,11,8.127976335893765
evaluation,164,5,10.311145310212577
evaluation,165,15,10.195865811936006
evaluation,166,8,8.901924430013938
evaluation,167,15,12.854074052610269
evaluation,168,10,10.286080339370976
evaluation,169,11,8.93138926549339
evaluation,170,10,13.21104410552049
evaluation,171,9,11.444511119726837
evaluation,172,10,11.2334346510452
evaluation,173,5,7.8372573246804045
evaluation,174,10,9.490288354345843
evaluation,175,9,10.213486774695024
evaluation,176,12,12.120081416906995
evaluation,177,10,10.084743974527946
evaluation,178,13,8.700677434020301
evaluation,179,8,10.262755111511613
evaluation,180,12,10.521660026781374
evaluation,181,15,10.431787685606222
evaluation,182,10,12.367621223073122
evaluation,183,10,12.192772396497604
evaluation,184,8,8.21812058869386
evaluation,185,10,7.965370294931071
evaluation,186,9,8.410855457584532
evaluation,187,13,11.60812762453499
evaluation,188,8,9.038270039418649
evaluation,189,9,9.947933276939102
evaluation,190,16,11.205964543286653
evaluation,191,6,7.162248495941259
evaluation,192,6,9.746839086569686
evaluation,193,9,9.352592853918617
evaluation,194,8,8.924386708060686
evaluation,195,8,8.82553418971915
evaluation,196,7,9.736635261902098
evaluation,197,10,10.578817199867114
evaluation,198,9,8.704809257443834
evaluation,199,14,11.180473452235935
evaluation,200,3,4.199506767502798
evaluation,201,15,13.594409247526041
evaluation,202,11,9.919281087894978
evaluation,203,13,8.1965701549591
evaluation,204,6,6.490114821888318
evaluation,205,13,12.996780600427199
evaluation,206,11,9.243643781251132
evaluation,207,7,9.267554746878188
evaluation,208,15,11.877399402828111
evaluation,209,12,10.836752247987238
evaluation,210,8,11.256096759539133
evaluation,211,10,9.816446338906019
evaluation,212,16,10.024765192772831
evaluation,213,14,11.878050083918783
evaluation,214,12,11.172814733084861
evaluation,215,10,7.6936108185488
evaluation,216,12,9.440747652414093
evaluation,217,20,12.749266055994728
evaluation,218,8,7.597890237970078
evaluation,219,6,10.290718157374426
evaluation,220,9,12.463270556872839
evaluation,221,10,10.959594186617778
evaluation,222,15,11.19521121371424
evaluation,223,10,11.279828473034016
evaluation,224,13,8.586078196703518
evaluation,225,13,14.56002528365229
evaluation,226,12,10.352816813938464
evaluation,227,4,7.23212667230044
evaluation,228,12,12.90278047766528
evaluation,229,16,12.864520605806135
evaluation,230,11,10.89951587772663
evaluation,231,5,7.804776287562467
evaluation,232,6,11.46091549347048
evaluation,233,8,9.82786331280965
evaluation,234,8,7.736339122363016
evaluation,235,12,7.9233971445999085
evaluation,236,4,3.8775747407239582
evaluation,237,19,12.976908701878976
evaluation,238,13,7.495948744459687
evaluation,239,11,9.606811727666118
evaluation,240,10,8.719018807938161
evaluation,241,10,9.902016596249522
evaluation,242,7,9.440988779185044
evaluation,243,12,9.307598842981417
evaluation,244,16,9.8589616353303
evaluation,245,10,10.140384273393375
evaluation,246,12,9.52591756331334
evaluation,247,12,12.228442490112242
evaluation,248,7,10.260256100032894
evaluation,249,9,10.857895611250637
evaluation,250,7,7.934288500913757
evaluation,251,5,8.579483350689419
evaluation,252,11,9.492043624598178
evaluation,253,10,7.326710844230022
evaluation,254,9,9.846721565117415
evaluation,255,11,10.077798978287067
evaluation,256,9,9.147275879637943
evaluation,257,12,11.62608036548944
evaluation,258,9,10.70316927695675
evaluation,259,4,6.023331238291057
evaluation,260,11,10.785404449194486
evaluation,261,9,11.497713338762662
evaluation,262,10,9.340198230342516
evaluation,263,12,9.378474230652316
evaluation,264,10,12.050041513911243
evaluation,265,6,6.730650063579661
evaluation,266,6,6.926607349339709
evaluation,267,14,12.162632261468893
evaluation,268,11,10.65781111265908
evaluation,269,13,7.914427602934923
evaluation,270,13,9.606768392320467
evaluation,271,13,11.461795702460218
evaluation,272,14,7.877815561594582
evaluation,273,9,4.127547037927197
evaluation,274,6,11.265157978363941
evaluation,275,15,13.634409937237546
evaluation,276,8,9.764775709596078
evaluation,277,7,7.436001180924881
evaluation,278,15,11.748127656865467
evaluation,279,10,7.979778204598677
evaluation,280,8,9.78775352842183
evaluation,281,12,11.361530066155142
evaluation,282,8,9.95920396847553
evaluation,283,13,12.627334565906898
evaluation,284,12,11.07420999232103
evaluation,285,15,14.240111730669302
evaluation,286,8,8.0295153221826
evaluation,287,8,7.619158600268397
evaluation,288,10,10.69394248592309
evaluation,289,18,10.563504168994758
evaluation,290,8,9.56398930140599
evaluation,291,5,5.655334105110498
evaluation,292,15,11.34159993933987
evaluation,293,16,9.544473987574202
evaluation,294,9,10.729058642604711
evaluation,295,9,8.490762790086833
evaluation,296,10,10.621560139088434
evaluation,297,8,9.43963838413802
evaluation,298,9,9.16360556658514
evaluation,299,8,8.576027261656439
evaluation,300,14,11.857496275288511
evaluation,301,9,7.930819647697766
evaluation,302,11,10.218592098127784
evaluation,303,13,11.76474869552229
evaluation,304,16,12.132579942528587
evaluation,305,6,6.168389592817791
evaluation,306,6,6.269250750200207
evaluation,307,11,8.631014112500605
evaluation,308,9,10.96196263790712
evaluation,309,10,10.618015611790668
evaluation,310,8,9.310134206496896
evaluation,311,12,12.658671545893393
evaluation,312,7,8.113856381036703
evaluation,313,11,8.232211592190147
evaluation,314,12,10.697854072184018
evaluation,315,8,7.44946051049656
evaluation,316,11,10.097984931815262
evaluation,317,12,14.256392170618748
evaluation,318,11,8.203631110979702
evaluation,319,12,10.437529946590079
evaluation,320,16,11.963570895822606
evaluation,321,6,7.824027673388549
evaluation,322,6,7.607439058543893
evaluation,323,12,12.803160485155832
evaluation,324,14,9.992042896448963
evaluation,325,4,10.931089266622937
evaluation,326,4,10.142102077934027
evaluation,327,9,10.722794788016579
evaluation,328,12,8.598565393043048
evaluation,329,8,8.376659337715818
evaluation,330,2,7.013940353449477
evaluation,331,8,12.675136693305573
evaluation,332,12,9.240236812790501
evaluation,333,16,10.716791320740287
evaluation,334,6,6.729078596562706
evaluation,335,8,11.58347489369989
evaluation,336,15,9.499179276414846
evaluation,337,11,9.386007476882977
evaluation,338,14,9.72819833047136
evaluation,339,10,11.220917168557637
evaluation,340,12,10.512356071593132
evaluation,341,7,10.691934977677812
evaluation,342,13,13.509759907880786
evaluation,343,8,9.403069374493342
evaluation,344,9,8.322822314648889
evaluation,345,12,12.647722843477652
evaluation,346,9,12.42823434115326
evaluation,347,13,11.995340581373165
evaluation,348,10,7.611080675831168
evaluation,349,8,8.974413331907098
evaluation,350,8,8.436599287305006
evaluation,351,9,10.2525226330971
evaluation,352,10,12.000427131365239
evaluation,353,8,11.174573921334982
evaluation,354,10,11.819157228215415
evaluation,355,13,10.452857737769975
evaluation,356,6,8.36254132214166
evaluation,357,7,7.837662150298055
evaluation,358,9,8.104850484952097
evaluation,359,6,6.619119219194889
evaluation,360,14,9.720980505582165
evaluation,361,13,10.270089085124466
evaluation,362,5,10.728440285592425
evaluation,363,10,10.833282127095329
evaluation,364,7,11.060857120460742
evaluation,365,11,13.413766293033067
evaluation,366,15,8.874436609659991
evaluation,367,15,13.440222612549459
evaluation,368,9,10.18446976584076
evaluation,369,13,10.267601107580345
evaluation,370,11,10.09900097273701
evaluation,371,6,10.828967616983556
evaluation,372,10,8.931465305790386
evaluation,373,9,14.740852061102862
evaluation,374,10,10.228882377135438
evaluation,375,11,9.325272060515527
evaluation,376,6,11.548871252601021
evaluation,377,8,10.837133621894573
evaluation,378,4,7.720857512054162
evaluation,379,17,11.651512887286206
evaluation,380,12,11.531772573714807
evaluation,381,8,9.851677799824476
evaluation,382,7,8.985272427531854
evaluation,383,11,9.331580047871205
evaluation,384,13,10.428166947015217
evaluation,385,18,11.919768422383079
evaluation,386,8,8.260230410531435
evaluation,387,10,8.571882945508106
evaluation,388,7,8.364317249254796
evaluation,389,11,10.972681522685392
evaluation,390,7,10.112158429033814
evaluation,391,11,10.677324500098226
evaluation,392,10,9.295798649181904
evaluation,393,13,11.670125903000695
evaluation,394,9,6.770458926076545
evaluation,395,10,12.169886182500875
evaluation,396,9,10.150080276770852
evaluation,397,10,12.437113141752926
evaluation,398,5,5.911505888323994
evaluation,399,11,8.670522195126809
evaluation,400,15,14.30875783676925
evaluation,401,13,8.580872574986092
evaluation,402,15,13.108825377488305
evaluation,403,14,13.210948680442787
evaluation,404,11,11.141165601746593
evaluation,405,7,8.652970594456502
evaluation,406,4,9.554109249076335
evaluation,407,8,8.124879267540885
evaluation,408,14,13.50267934836615
evaluation,409,7,9.491462999709805
evaluation,410,11,12.847790008854181
evaluation,411,7,7.372598251928705
evaluation,412,5,9.129949421152268
evaluation,413,13,15.29078683139269
evaluation,414,9,9.023317891221122
evaluation,415,8,11.079719751916771
evaluation,416,11,9.181321872859677
evaluation,417,10,8.660331852439892
evaluation,418,8,9.58271458573849
evaluation,419,11,11.422947526744398
evaluation,420,6,5.533062559916723
evaluation,421,9,8.016049352108682
evaluation,422,11,9.2197581772212
evaluation,423,5,6.431654844504049
evaluation,424,16,9.99282720224518
evaluation,425,7,9.115930780374908
evaluation,426,9,6.808493589683282
evaluation,427,9,10.258956558002836
evaluation,428,11,11.504786668447595
evaluation,429,12,12.81149894436044
evaluation,430,9,10.903103584733199
evaluation,431,12,13.491354705402955
evaluation,432,9,11.188943203733604
evaluation,433,10,11.379666639638732
evaluation,434,6,8.591152927970885
evaluation,435,8,9.299137764536686
evaluation,436,11,8.953501902146343
evaluation,437,13,11.667318589005202
evaluation,438,10,10.971966524880967
evaluation,439,13,8.152181170929437
evaluation,440,19,10.758767024849517
evaluation,441,12,9.473292713081822
evaluation,442,16,13.697459694716215
evaluation,443,16,9.86860374495215
evaluation,444,19,10.214838818476949
evaluation,445,12,10.755794835514635
evaluation,446,8,7.3746166894023375
evaluation,447,4,4.708962580898165
evaluation,448,12,9.152375222761126
evaluation,449,13,13.43928964058648
evaluation,450,17,9.79813611486324
evaluation,451,4,6.761029008860527
evaluation,452,12,8.446355452875148
evaluation,453,4,9.16382691103614
evaluation,454,10,9.728231969948034
evaluation,455,14,11.126337462605663
evaluation,456,11,8.132057621889828
evaluation,457,5,6.455170849863917
evaluation,458,6,8.756998429743613
evaluation,459,10,11.324523762767305
evaluation,460,10,8.268807906063394
evaluation,461,8,10.056155729540853
evaluation,462,8,9.10818589978378
evaluation,463,12,10.337213731951945
evaluation,464,8,9.194881395794656
evaluation,465,12,13.73605178364555
evaluation,466,11,10.26041621593595
evaluation,467,11,12.459403386787212
evaluation,468,13,12.031851527024067
evaluation,469,14,13.654251334812134
evaluation,470,7,9.822031058924747
evaluation,471,10,10.861943393590899
evaluation,472,10,9.723607374798497
evaluation,473,8,9.184825769578566
evaluation,474,10,9.389337303602602
evaluation,475,15,13.419746376382703
evaluation,476,14,11.67803348181457
evaluation,477,19,14.667647321790833
evaluation,478,9,13.172444822362849
evaluation,479,7,9.28383919540275
evaluation,480,11,10.669106950322938
evaluation,481,9,8.12833164988945
evaluation,482,8,7.9494181128529044
evaluation,483,8,9.608403360882113
evaluation,484,10,12.454437484986443
evaluation,485,14,12.859026450989525
evaluation,486,5,8.212754972619237
evaluation,487,12,9.4232658294852
evaluation,488,5,7.8689775946973946
evaluation,489,12,10.116772929775856
evaluation,490,9,8.283251672666378
evaluation,491,10,10.378910613972902
evaluation,492,9,8.532860361574407
evaluation,493,10,7.6418833078168555
evaluation,494,9,8.359615221574323
evaluation,495,10,13.18708650591303
evaluation,496,10,9.518776612477101
evaluation,497,20,12.555560523110291
evaluation,498,19,10.783748640580479
evaluation,499,12,11.087405803365048
evaluation,500,9,11.884427342608195
evaluation,501,12,11.49370954397492
evaluation,502,10,10.843772466608517
evaluation,503,8,8.922388221727216
evaluation,504,6,8.838294786477109
evaluation,505,8,11.277549348626001
evaluation,506,6,8.65978897830312
evaluation,507,9,8.156553333150562
evaluation,508,10,11.581533364803779
evaluation,509,14,14.504623527109288
evaluation,510,15,11.098775975357967
evaluation,511,13,12.926507123411623
evaluation,512,10,10.5073571044686
evaluation,513,10,10.541913074103633
evaluation,514,10,9.936587862976161
evaluation,515,16,11.193921030180908
evaluation,516,4,5.174115207495348
evaluation,517,9,11.00605939984142
evaluation,518,10,13.482952366841669
evaluation,519,6,7.740335726947224
evaluation,520,8,8.688730643626673
evaluation,521,10,9.401386823062966
evaluation,522,7,9.64579921572269
evaluation,523,10,10.090413902828836
evaluation,524,11,13.461801817693026
evaluation,525,10,9.86636360896546
evaluation,526,6,8.777524384753445
evaluation,527,9,11.459954914565095
evaluation,528,7,9.736432817239647
evaluation,529,10,10.225934889133175
evaluation,530,9,9.764561237551954
evaluation,531,6,9.868159693931817
evaluation,532,10,7.658365979972043
evaluation,533,4,6.984669513297006
evaluation,534,18,10.282231725682744
evaluation,535,5,8.945215208451513
evaluation,536,9,9.709556400087305
evaluation,537,4,5.5281280628237335
evaluation,538,8,8.219688557063227
evaluation,539,8,9.716228457222304
evaluation,540,12,11.787504173411728
evaluation,541,11,8.741050379777919
evaluation,542,7,9.214501852076676
evaluation,543,12,12.280245493912698
evaluation,544,9,11.291355440434717
evaluation,545,8,9.484552104279302
evaluation,546,12,9.090991051479588
evaluation,547,8,7.890056913333074
evaluation,548,9,7.52988691594082
evaluation,549,14,9.913550082545783
evaluation,550,7,9.81341602083052
evaluation,551,9,12.01717702918619
evaluation,552,3,5.900249246044239
evaluation,553,8,10.542481511896067
evaluation,554,12,10.227336628081304
evaluation,555,10,7.284846499300204
evaluation,556,11,10.652355234494154
evaluation,557,9,12.60707338062909
evaluation,558,10,11.736615075275248
evaluation,559,12,12.488389885291774
evaluation,560,7,6.142114827207849
evaluation,561,14,12.189148290613137
evaluation,562,13,13.084777772853313
evaluation,563,12,11.262925676212014
evaluation,564,13,13.293333356093271
evaluation,565,10,8.550871866720358
evaluation,566,18,14.44105087838604
evaluation,567,7,9.246365018029497
evaluation,568,12,11.512784639427336
evaluation,569,13,13.696701414923297
evaluation,570,12,10.147719688249238
evaluation,571,9,11.907366547744944
evaluation,572,9,12.938499898100181
evaluation,573,12,9.084657546882651
evaluation,574,10,7.662859065898113
evaluation,575,9,10.432530279883688
evaluation,576,9,9.780909878233558
evaluation,577,8,9.65018850189758
evaluation,578,10,11.021592230180246
evaluation,579,9,10.005671349435797
evaluation,580,10,9.726766258766705
evaluation,581,14,10.545602108467888
evaluation,582,5,9.558284961233213
evaluation,583,8,9.580097205757735
evaluation,584,8,10.983670933607268
evaluation,585,8,10.927559339931182
evaluation,586,9,10.130813070806964
evaluation,587,10,10.157358700605643
evaluation,588,11,9.42698284025031
evaluation,589,7,8.84241413886033
evaluation,590,7,8.5047278863846
evaluation,591,9,10.431595222584825
evaluation,592,19,14.64446691697526
evaluation,593,9,11.07914413698023
evaluation,594,11,11.545647132724369
evaluation,595,6,9.529841527998542
evaluation,596,8,12.290544333153187
evaluation,597,7,9.617738400953547
evaluation,598,6,10.082924910175475
evaluation,599,6,9.161655689441371
evaluation,600,9,8.58909144402812
evaluation,601,17,13.663444829143451
evaluation,602,12,13.335587169064743
evaluation,603,14,13.721532708241098
evaluation,604,13,12.002301009143938
evaluation,605,17,10.01493373886677
evaluation,606,12,9.798338136389095
evaluation,607,8,10.722499651984112
evaluation,608,7,9.630042024947192
evaluation,609,17,11.998128524040649
evaluation,610,13,9.182677493679444
evaluation,611,5,7.262368349639023
evaluation,612,8,10.616779425005511
evaluation,613,10,8.552372054344376
evaluation,614,15,10.877752505275367
evaluation,615,8,7.238229912511561
evaluation,616,12,10.621498725472101
evaluation,617,6,8.614414309724683
evaluation,618,6,9.891945358216145
evaluation,619,13,9.791548676683922
evaluation,620,11,9.256168949786804
evaluation,621,13,8.581244758724846
evaluation,622,10,10.78308172285882
evaluation,623,3,8.465762046917988
evaluation,624,9,11.800868453271663
evaluation,625,5,10.969605680270725
evaluation,626,10,9.024194502675133
evaluation,627,11,10.452684784812774
evaluation,628,13,10.028280135315445
evaluation,629,5,6.724627982634688
evaluation,630,9,9.875792630852946
evaluation,631,17,12.316861635110966
evaluation,632,11,9.897004694091791
evaluation,633,7,8.561992929419352
evaluation,634,11,13.164455252349311
evaluation,635,20,17.852865813689903
evaluation,636,11,10.81966909930689
evaluation,637,13,10.83013204821535
evaluation,638,12,14.439304234030683
evaluation,639,10,9.680817690520625
evaluation,640,4,8.919836888286566
evaluation,641,7,5.336564563929588
evaluation,642,11,9.76737381134139
evaluation,643,5,8.075469698946256
evaluation,644,12,9.771746266918791
evaluation,645,14,10.85356692063354
evaluation,646,8,11.968543886988293
evaluation,647,11,10.279609183516882
evaluation,648,15,13.56509345127338
evaluation,649,11,7.989033558007174
evaluation,650,14,10.184770510123567
evaluation,651,12,15.587804847022419
evaluation,652,5,9.731942923321725
evaluation,653,12,9.645743953649028
evaluation,654,11,11.044376327855067
evaluation,655,11,11.106043306129907
evaluation,656,10,8.770216119078775
evaluation,657,15,8.730949055560677
evaluation,658,8,9.177555369314934
evaluation,659,8,6.824437698396613
evaluation,660,12,11.519253799997175
evaluation,661,10,8.919702300648874
evaluation,662,6,9.112855604328058
evaluation,663,11,11.977454302478723
evaluation,664,7,7.303214980880188
evaluation,665,14,11.996394709275748
evaluation,666,16,10.46097988514147
evaluation,667,7,9.20273237018567
evaluation,668,7,9.367712820489563
evaluation,669,8,10.794235950986787
evaluation,670,12,10.809500841034936
evaluation,671,12,10.46347210833714
evaluation,672,8,10.889370972635628
evaluation,673,13,9.183958435327863
evaluation,674,6,9.68621683726345
evaluation,675,10,8.367048265705117
evaluation,676,5,5.2475621154740875
evaluation,677,10,10.075057681948614
evaluation,678,5,5.950340562293697
evaluation,679,15,13.460304368513158
evaluation,680,9,9.14832590065757
evaluation,681,11,10.196432170320527
evaluation,682,12,13.20243134552264
evaluation,683,8,9.720725119457416
evaluation,684,9,8.530232596963797
evaluation,685,3,4.83929615186687
evaluation,686,13,10.637321546863873
evaluation,687,7,10.070225596223805
evaluation,688,11,8.612728293433282
evaluation,689,6,8.268018751111542
evaluation,690,7,9.095236959143694
evaluation,691,6,8.092166526840494
evaluation,692,8,9.380987169160374
evaluation,693,6,9.749469448060138
evaluation,694,10,10.030055452758333
evaluation,695,4,6.725666912505598
evaluation,696,9,8.357563242167766
evaluation,697,12,10.418813426578403
evaluation,698,6,7.553525891842738
evaluation,699,13,9.515295623792213
evaluation,700,10,11.53616106039168
evaluation,701,22,12.451931214223329
evaluation,702,13,10.34936195265935
evaluation,703,6,11.43776851311649
evaluation,704,12,11.020394420480043
evaluation,705,9,9.95090112695264
evaluation,706,10,9.899470785921359
evaluation,707,12,11.030796001617258
evaluation,708,5,8.904083727005716
evaluation,709,16,13.50022981074374
evaluation,710,7,10.456880478179148
evaluation,711,13,12.194751556039268
evaluation,712,12,10.44472573477223
evaluation,713,7,10.643383823649012
evaluation,714,10,10.18795058837099
evaluation,715,17,10.825927654669691
evaluation,716,15,11.310543058540325
evaluation,717,11,11.370563972349592
evaluation,718,7,10.994115903335484
evaluation,719,10,9.376150150082621
evaluation,720,9,9.880293817614529
evaluation,721,5,9.351693599171366
evaluation,722,11,9.087937218048616
evaluation,723,11,10.982016463859747
evaluation,724,3,7.952421984201045
evaluation,725,8,10.357987137326635
evaluation,726,7,10.27105345792683
evaluation,727,10,7.609993611012604
evaluation,728,13,11.86368543748948
evaluation,729,8,10.680558128558609
evaluation,730,12,10.806876162826404
evaluation,731,16,11.551986500744345
evaluation,732,4,7.920526453365728
evaluation,733,10,7.613854417059693
evaluation,734,14,15.116506183029978
evaluation,735,11,11.15066818910076
evaluation,736,17,12.698103002628164
evaluation,737,6,8.39847036538432
evaluation,738,7,8.42235862549513
evaluation,739,19,12.164902262188075
evaluation,740,13,13.57489016292957
evaluation,741,7,7.232912129929709
evaluation,742,8,7.624346696044265
evaluation,743,13,8.926961893626306
evaluation,744,9,9.789540860569915
evaluation,745,15,14.832335018597727
evaluation,746,5,7.227099370256077
evaluation,747,6,7.805660526971151
evaluation,748,12,11.915051464296274
evaluation,749,12,11.760526656463199
evaluation,750,12,13.804562700616161
evaluation,751,8,7.504743598488691
evaluation,752,7,10.579431645679586
evaluation,753,5,6.467000210963022
evaluation,754,7,9.201489763079637
evaluation,755,8,9.934113322111717
evaluation,756,16,9.359580978049427
evaluation,757,11,9.014196915768212
evaluation,758,16,14.380732713798707
evaluation,759,7,7.140338808756626
evaluation,760,14,12.298630063367995
evaluation,761,6,7.442209492996806
evaluation,762,11,10.586097642044342
evaluation,763,11,10.258981689934101
evaluation,764,7,8.519483582204959
evaluation,765,12,10.840771770780618
evaluation,766,12,12.781061223452518
evaluation,767,10,9.988457970721733
evaluation,768,12,8.285517996063131
evaluation,769,5,9.04963594492043
evaluation,770,12,11.363251204169682
evaluation,771,11,8.948155960708332
evaluation,772,11,9.383988092740855
evaluation,773,7,10.646895870237607
evaluation,774,14,13.61774960051334
evaluation,775,5,7.757869221978787
evaluation,776,9,9.680166827117784
evaluation,777,9,11.134533854622141
evaluation,778,10,9.48028637878394
evaluation,779,9,8.677113955959701
evaluation,780,10,8.352522282211398
evaluation,781,10,10.642353924947205
evaluation,782,9,8.169812394625955
evaluation,783,7,8.77445814389704
evaluation,784,15,14.2788081626381
evaluation,785,9,12.531667819356663
evaluation,786,10,9.470383334060447
evaluation,787,13,7.805332578623785
evaluation,788,11,12.559178769927133
evaluation,789,14,10.661307563343408
evaluation,790,6,8.638952599071795
evaluation,791,11,11.179171880214096
evaluation,792,8,7.96119885785402
evaluation,793,10,8.367664799585143
evaluation,794,9,11.683399189364355
evaluation,795,3,6.888319882616813
evaluation,796,8,8.260689100035837
evaluation,797,12,8.524039257100915
evaluation,798,6,9.0007072310799
evaluation,799,13,9.224890246074898
evaluation,800,4,7.71651762792658
evaluation,801,8,10.126963813500028
evaluation,802,12,10.62639159487506
evaluation,803,7,5.541422487706896
evaluation,804,8,10.525138481882529
evaluation,805,10,11.071934431034538
evaluation,806,16,12.201384383492464
evaluation,807,9,7.32707966055297
evaluation,808,11,9.799162274745072
evaluation,809,5,6.301857942583849
evaluation,810,15,11.538991338034531
evaluation,811,6,8.105762933632793
evaluation,812,9,10.248360257095916
evaluation,813,14,11.455693342216051
evaluation,814,12,11.461353184452275
evaluation,815,9,10.048874877074583
evaluation,816,6,6.820365914235349
evaluation,817,8,11.028719230013255
evaluation,818,5,9.121384855990037
evaluation,819,9,10.38807392198268
evaluation,820,12,11.782311166864373
evaluation,821,6,8.307698498798114
evaluation,822,7,6.865293734553104
evaluation,823,10,11.539848264713632
evaluation,824,15,13.533166825649761
evaluation,825,10,10.995217569090174
evaluation,826,10,9.376608473331359
evaluation,827,8,13.730270347264366
evaluation,828,10,7.630781990590347
evaluation,829,5,11.613459189173653
evaluation,830,8,12.03462084743852
evaluation,831,15,11.932937072785414
evaluation,832,11,11.984382829561856
evaluation,833,9,10.15934199529832
evaluation,834,9,8.17300844362031
evaluation,835,5,4.947080822286054
evaluation,836,11,6.746444587752687
evaluation,837,13,8.13031765980437
evaluation,838,13,11.171219780835209
evaluation,839,7,9.556036815942704
evaluation,840,10,13.131062349633286
evaluation,841,9,8.640429263594724
evaluation,842,8,8.597354622435713
evaluation,843,13,11.50869131926143
evaluation,844,9,11.655230720158572
evaluation,845,6,6.187090722145109
evaluation,846,11,10.384504584613332
evaluation,847,7,9.207364367179984
evaluation,848,6,7.688888292392178
evaluation,849,15,12.475357349479305
evaluation,850,9,7.856582873166679
evaluation,851,15,12.808421648518326
evaluation,852,8,8.49192204406312
evaluation,853,6,13.951192724821961
evaluation,854,11,9.991207895312371
evaluation,855,11,10.645483351265812
evaluation,856,11,8.592927252610508
evaluation,857,12,12.376450749617831
evaluation,858,10,10.395180294904533
evaluation,859,12,9.30393711648594
evaluation,860,6,7.72495233276053
evaluation,861,10,10.29652386166497
evaluation,862,11,8.673872542697886
evaluation,863,6,6.2843706925698
evaluation,864,13,13.020788517740812
evaluation,865,12,8.740519858963108
evaluation,866,7,12.791013385169254
evaluation,867,5,7.979404658884622
evaluation,868,18,10.517045385314294
evaluation,869,15,11.305752577504368
evaluation,870,8,9.204641602164886
evaluation,871,4,7.434925077373141
evaluation,872,11,11.497084684439374
evaluation,873,7,9.86850593995337
evaluation,874,8,9.13613206112025
evaluation,875,6,8.419877507890881
evaluation,876,6,8.755630619173408
evaluation,877,11,10.57420513456453
evaluation,878,10,9.226527154896944
evaluation,879,15,11.689096469105301
evaluation,880,12,10.120841126884448
evaluation,881,7,8.64643977095893
evaluation,882,12,12.542011623755307
evaluation,883,9,11.042134987181758
evaluation,884,11,10.200384366495348
evaluation,885,8,10.872921398988174
evaluation,886,14,12.125242180306504
evaluation,887,9,9.86038078745116
evaluation,888,4,6.181019394822708
evaluation,889,14,14.445907011984481
evaluation,890,10,14.72560530717513
evaluation,891,8,8.860939496435812
evaluation,892,10,8.897777283981231
evaluation,893,10,7.4576924588752505
evaluation,894,10,10.201171089672918
evaluation,895,11,11.628206544106355
evaluation,896,14,8.21061532631303
evaluation,897,17,12.663806185159498
evaluation,898,8,8.21990150313663
evaluation,899,9,10.770222605511973
evaluation,900,9,9.94007667614061
evaluation,901,10,9.976647207929876
evaluation,902,11,8.281813703237244
evaluation,903,3,6.786965030351483
evaluation,904,6,5.522885635587275
evaluation,905,10,10.492643697700705
evaluation,906,10,9.272856288830159
evaluation,907,9,11.085376772233609
evaluation,908,7,8.88531992638979
evaluation,909,7,7.5757251610097045
evaluation,910,13,15.000687082533641
evaluation,911,7,10.612409646481838
evaluation,912,12,10.816538474230356
evaluation,913,8,9.32061510250922
evaluation,914,11,10.002734246607021
evaluation,915,5,5.740262714463396
evaluation,916,7,9.658892943065158
evaluation,917,10,9.359395479222254
evaluation,918,9,7.3968434151228974
evaluation,919,9,9.67174554081361
evaluation,920,13,11.381775562817172
evaluation,921,8,10.272342884949811
evaluation,922,14,11.908091626241077
evaluation,923,10,12.372106165808779
evaluation,924,3,8.988315493599146
evaluation,925,12,12.41968075723435
evaluation,926,11,9.64298233443835
evaluation,927,7,8.03761129940662
evaluation,928,2,8.757995840061378
evaluation,929,8,6.683439487006945
evaluation,930,7,7.337158050945419
evaluation,931,12,13.633312523550748
evaluation,932,5,7.128867695600743
evaluation,933,7,9.694208256573697
evaluation,934,9,10.37559999666985
evaluation,935,12,11.869556558327469
evaluation,936,4,6.051695131789314
evaluation,937,11,7.6909990039208544
evaluation,938,11,12.907622560232431
evaluation,939,6,7.28940007209403
evaluation,940,11,10.238720809082036
evaluation,941,13,10.353806880004782
evaluation,942,17,12.409541334885926
evaluation,943,13,11.226539773189746
evaluation,944,9,9.046133206214016
evaluation,945,11,10.568153309704414
evaluation,946,6,7.714125579529622
evaluation,947,5,9.691932191411416
evaluation,948,14,12.29402461089445
evaluation,949,13,11.840449984801028
evaluation,950,5,10.919671661010879
evaluation,951,13,11.419494590607071
evaluation,952,11,11.94212895952824
evaluation,953,11,9.195737588231635
evaluation,954,10,11.964488853385028
evaluation,955,10,10.622195901936214
evaluation,956,13,10.94656873518971
evaluation,957,12,11.122355432243895
evaluation,958,8,8.056899541881169
evaluation,959,11,9.258541228335408
evaluation,960,18,14.611671723034402
evaluation,961,9,10.75997948441351
evaluation,962,6,7.09947000722077
evaluation,963,5,7.332641813721718
evaluation,964,8,10.790727224986867
evaluation,965,9,9.558375394187246
evaluation,966,10,7.076922125378233
evaluation,967,13,13.82052862122227
evaluation,968,11,8.854442544732542
evaluation,969,13,8.789793566129202
evaluation,970,11,8.906335198418649
evaluation,971,9,10.76265736245569
evaluation,972,11,9.594494200795644
evaluation,973,11,10.820944163278455
evaluation,974,11,12.775233792640046
evaluation,975,12,11.25735189776954
evaluation,976,9,12.410200876466462
evaluation,977,10,8.648604508306022
evaluation,978,9,7.371378911715975
evaluation,979,12,12.211843806594919
evaluation,980,8,5.701487604603406
evaluation,981,13,11.298936388823485
evaluation,982,5,9.346278348570031
evaluation,983,11,8.066151765118473
evaluation,984,7,8.446089672377477
evaluation,985,9,10.987366822622077
evaluation,986,11,10.134760849820857
evaluation,987,11,10.776687236456816
evaluation,988,5,8.250115698479657
evaluation,989,8,9.483111180432811
evaluation,990,10,9.390006037224468
evaluation,991,7,11.020801299570124
evaluation,992,12,10.786498907014844
evaluation,993,12,8.46150175355293
evaluation,994,9,13.225617197048475
evaluation,995,6,11.119630893120199
evaluation,996,6,5.540702223513847
evaluation,997,6,6.833545251493915
evaluation,998,8,10.1385911219663
evaluation,999,8,7.9667341720420755
